"Part";"Value";"Device";"Package";"Description";"";
"C1";"0.22uF";"CAP-0402";"0402";"";"";
"C2";"0.22uF";"CAP-0402";"0402";"";"";
"C3";"1.0uF";"1.0UF-0402-16V-10%";"0402";"1µF ceramic capacitors";"";
"C4";"0.1uF";"0.1UF-0402-6.3V-10%-X7R";"0402";"0.1µF ceramic capacitors";"";
"C5";"0.1uF";"0.1UF-0402-6.3V-10%-X7R";"0402";"0.1µF ceramic capacitors";"";
"C6";"0.1uF";"0.1UF-0402-6.3V-10%-X7R";"0402";"0.1µF ceramic capacitors";"";
"C7";"0.1uF";"0.1UF-0402-6.3V-10%-X7R";"0402";"0.1µF ceramic capacitors";"";
"C8";"0.1uF";"0.1UF-0402-6.3V-10%-X7R";"0402";"0.1µF ceramic capacitors";"";
"C9";"0.22uF";"CAP-0402";"0402";"";"";
"C10";"0.22uF";"CAP-0402";"0402";"";"";
"C11";"1.0uF";"1.0UF-0402-16V-10%";"0402";"1µF ceramic capacitors";"";
"C12";"0.1uF";"0.1UF-0402-6.3V-10%-X7R";"0402";"0.1µF ceramic capacitors";"";
"C13";"0.1uF";"0.1UF-0402-6.3V-10%-X7R";"0402";"0.1µF ceramic capacitors";"";
"C14";"0.1uF";"0.1UF-0402-6.3V-10%-X7R";"0402";"0.1µF ceramic capacitors";"";
"C15";"0.22uF";"CAP-0402";"0402";"";"";
"C16";"0.22uF";"CAP-0402";"0402";"";"";
"C17";"1.0uF";"1.0UF-0402-16V-10%";"0402";"1µF ceramic capacitors";"";
"C18";"0.1uF";"0.1UF-0402-6.3V-10%-X7R";"0402";"0.1µF ceramic capacitors";"";
"C19";"0.1uF";"0.1UF-0402-6.3V-10%-X7R";"0402";"0.1µF ceramic capacitors";"";
"C20";"0.1uF";"0.1UF-0402-6.3V-10%-X7R";"0402";"0.1µF ceramic capacitors";"";
"C21";"0.22uF";"CAP-0402";"0402";"";"";
"C22";"0.22uF";"CAP-0402";"0402";"";"";
"C23";"1.0uF";"1.0UF-0402-16V-10%";"0402";"1µF ceramic capacitors";"";
"C24";"0.1uF";"0.1UF-0402-6.3V-10%-X7R";"0402";"0.1µF ceramic capacitors";"";
"C25";"0.1uF";"0.1UF-0402-6.3V-10%-X7R";"0402";"0.1µF ceramic capacitors";"";
"C26";"0.1uF";"0.1UF-0402-6.3V-10%-X7R";"0402";"0.1µF ceramic capacitors";"";
"C27";"0.1uF";"0.1UF-0402-6.3V-10%-X7R";"0402";"0.1µF ceramic capacitors";"";
"C28";"0.1uF";"0.1UF-0402-6.3V-10%-X7R";"0402";"0.1µF ceramic capacitors";"";
"C29";"0.1uF";"0.1UF-0402-6.3V-10%-X7R";"0402";"0.1µF ceramic capacitors";"";
"C30";"0.1uF";"0.1UF-0402-6.3V-10%-X7R";"0402";"0.1µF ceramic capacitors";"";
"FRAME1";"FRAME-LEDGERNO_FOOTPRINT";"FRAME-LEDGERNO_FOOTPRINT";"DUMMY";"Schematic Frame - Ledger";"";
"J1";"";"AUDIO_JACK_2.5MM_2.5MM";"STEREOJACK2.5MM_STEREOJACK2.5MM";"Audio Jack";"";
"J2";"";"AUDIO_JACK_2.5MM_2.5MM";"STEREOJACK2.5MM_STEREOJACK2.5MM";"Audio Jack";"";
"J3";"";"AUDIO_JACK_2.5MM_2.5MM";"STEREOJACK2.5MM_STEREOJACK2.5MM";"Audio Jack";"";
"J4";"";"AUDIO_JACK_2.5MM_2.5MM";"STEREOJACK2.5MM_STEREOJACK2.5MM";"Audio Jack";"";
"J5";"Qwiic Right Angle";"I2C_STANDARDQWIIC";"JST04_1MM_RA";"SparkFun I2C Standard Pinout Header";"";
"J6";"SM05B-SRSS-TB";"SM05B-SRSS-TB";"SM05B-SRSS-TB";"";"";
"R1";"1KOHM-0402-1/16W-1%";"1KOHM-0402-1/16W-1%";"0402";"1kΩ resistor";"";
"R2";" ";"RESISTOR0402";"0402";"Generic Resistor Package";"";
"R3";" ";"RESISTOR0402";"0402";"Generic Resistor Package";"";
"R4";" ";"RESISTOR0402";"0402";"Generic Resistor Package";"";
"R5";"2.0K";"2.0KOHM-0402-1/16W-1%";"0402";"2kΩ resistor";"";
"R6";" ";"RESISTOR0402";"0402";"Generic Resistor Package";"";
"R7";"1KOHM-0402-1/16W-1%";"1KOHM-0402-1/16W-1%";"0402";"1kΩ resistor";"";
"R8";" ";"RESISTOR0402";"0402";"Generic Resistor Package";"";
"R9";" ";"RESISTOR0402";"0402";"Generic Resistor Package";"";
"R10";" ";"RESISTOR0402";"0402";"Generic Resistor Package";"";
"R11";"2.0K";"2.0KOHM-0402-1/16W-1%";"0402";"2kΩ resistor";"";
"R12";" ";"RESISTOR0402";"0402";"Generic Resistor Package";"";
"R13";"1KOHM-0402-1/16W-1%";"1KOHM-0402-1/16W-1%";"0402";"1kΩ resistor";"";
"R14";" ";"RESISTOR0402";"0402";"Generic Resistor Package";"";
"R15";" ";"RESISTOR0402";"0402";"Generic Resistor Package";"";
"R16";" ";"RESISTOR0402";"0402";"Generic Resistor Package";"";
"R17";"2.0K";"2.0KOHM-0402-1/16W-1%";"0402";"2kΩ resistor";"";
"R18";" ";"RESISTOR0402";"0402";"Generic Resistor Package";"";
"R19";"1KOHM-0402-1/16W-1%";"1KOHM-0402-1/16W-1%";"0402";"1kΩ resistor";"";
"R20";" ";"RESISTOR0402";"0402";"Generic Resistor Package";"";
"R21";" ";"RESISTOR0402";"0402";"Generic Resistor Package";"";
"R22";" ";"RESISTOR0402";"0402";"Generic Resistor Package";"";
"R23";"2.0K";"2.0KOHM-0402-1/16W-1%";"0402";"2kΩ resistor";"";
"R24";" ";"RESISTOR0402";"0402";"Generic Resistor Package";"";
"R25";"DNP";"DNP-0402";"0402";"Do-Not-Populate resistor";"";
"R26";"DNP";"DNP-0402";"0402";"Do-Not-Populate resistor";"";
"R27";"DNP";"DNP-0402";"0402";"Do-Not-Populate resistor";"";
"R28";"DNP";"DNP-0402";"0402";"Do-Not-Populate resistor";"";
"R29";"10k";"10KOHM-0402-1/16W-1%";"0402";"10kΩ resistor";"";
"R30";"10k";"10KOHM-0402-1/16W-1%";"0402";"10kΩ resistor";"";
"R31";"10k";"10KOHM-0402-1/16W-1%";"0402";"10kΩ resistor";"";
"U1";"INA333AIDGKT";"INA333AIDGKT";"SOP65P490X110-8N";"";"";
"U2";"LMV324";"LMV324";"SO14";"IC LMV324 Quad Op Amp";"";
"U3";"INA333AIDGKT";"INA333AIDGKT";"SOP65P490X110-8N";"";"";
"U4";"INA333AIDGKT";"INA333AIDGKT";"SOP65P490X110-8N";"";"";
"U5";"INA333AIDGKT";"INA333AIDGKT";"SOP65P490X110-8N";"";"";
"U6";"REF2033AIDDCT";"REF2033AIDDCT";"SOT95P280X110-5N";"Check availability";"";
"U7";"ADS1115IDGST";"ADS1115IDGST";"SOP50P490X110-10N";"Check availability";"";
